sample_id,prediction
V001,0.250000
V002,0.750000
