sample_id,feature_1,feature_2
T01,0.000000,0.000000
T02,0.000000,2.449490
T03,2.449490,0.000000
