sample_id,feature_1,feature_2,label
201,1.000000,25.000000,0
202,3.000000,20.000000,1
203,5.000000,30.000000,1
