category,count,total,mean
A,3,35.000000,11.666667
B,2,20.000000,10.000000
C,1,8.000000,8.000000
