sample_id,probability,label
T01,0.002499,0
T02,0.326962,0
T03,0.673038,1
T04,0.997501,1
