sample_id,probability,label
Q01,0.005810,0
Q02,0.415124,0
Q03,0.584876,1
Q04,0.994190,1
