sample_id,feature_sum
101,11.000000
102,22.000000
103,33.000000
