sample_id,probability,label
Q01,0.033573,0
Q02,0.944696,1
Q03,0.728766,1
Q04,0.676776,1
