sample_id,prediction
P01,10.000000
P02,10.000000
P03,16.000000
